{"format_version":"1.8.0","animations":{"boat_paddle":{"loop":true,"animation_length":0.76,"bones":{"torso":{"rotation":{"0.0":{"vector":[-40,0,0]},"0.44":{"vector":[-24.56202,-22.9824,10.11783],"easing":"linear"},"0.76":{"vector":[-40,0,0]}},"position":{"0.0":{"vector":[0,-3,7.5]},"0.44":{"vector":[0,-1,4.5]},"0.76":{"vector":[0,-3,7.5]}}},"head":{"position":{"0.0":{"vector":[0,-3.75,7.75]},"0.44":{"vector":[0,-1.75,5],"easing":"linear"},"0.76":{"vector":[0,-3.75,7.75]}}},"right_arm":{"rotation":{"0.0":{"vector":[-79.67127,22.44971,31.16953]},"0.44":{"vector":[-78.02225,3.52017,51.02651]},"0.6":{"vector":[-63.00086,8.25398,27.72384]},"0.76":{"vector":[-79.67127,22.44971,31.16953]}},"position":{"0.0":{"vector":[0,-2.25,5.75]},"0.44":{"vector":[1,-1,3]},"0.76":{"vector":[0,-2.25,5.75]}}},"left_arm":{"rotation":{"0.0":{"vector":[-84.64844,-13.57012,-20.802]},"0.44":{"vector":[-74.64844,-13.57012,-20.802]},"0.76":{"vector":[-84.64844,-13.57012,-20.802]}},"position":{"0.0":{"vector":[0,-2.25,5.75]},"0.44":{"vector":[0,-1.25,5.75]},"0.76":{"vector":[0,-2.25,5.75]}}}}}},"geckolib_format_version":2}