{"format_version":"1.8.0","animations":{"flint_and_steel_sneak":{"animation_length":0.45833,"bones":{"body":{"position":{"vector":[0,2,0]}},"torso":{"rotation":{"vector":[17.75313,9.53274,3.03513]},"position":{"vector":[0,-4,0]}},"head":{"position":{"vector":[0,-4,0]}},"right_arm":{"rotation":{"0.0":{"vector":[-59.88472,-38.84831,23.2978]},"0.2917":{"vector":[-47.7495,-57.62338,3.73764]},"0.4583":{"vector":[-57.97927,-29.34185,30.19779]}},"position":{"vector":[0,-5,0]}},"left_arm":{"rotation":{"0.0":{"vector":[-122.49278,36.17821,-57.83864]},"0.2917":{"vector":[-138.32611,36.17821,-57.83864]},"0.4583":{"vector":[-64.99278,36.17821,-57.83864]}},"position":{"vector":[0,-6,0]}},"right_leg":{"rotation":{"vector":[29.9055,-2.49762,4.33287]},"position":{"vector":[0,-2,1]}},"left_leg":{"rotation":{"vector":[-2.4905,-0.21782,-4.99527]},"position":{"vector":[0,0,-1]}}}}}}