{"format_version":"1.8.0","animations":{"running":{"loop":true,"animation_length":0.48,"bones":{"torso":{"rotation":{"0.0":{"vector":[7.49294,0.32621,-2.47864]},"0.24":{"vector":[7.5,0,0]},"0.48":{"vector":[7.49294,0.32621,-2.47864]}},"position":{"0.0":{"vector":[-0.5,-1,0]},"0.24":{"vector":[0.5,-1,0]},"0.48":{"vector":[-0.5,-1,0]}}},"head":{"position":{"0.0":{"vector":[-0.5,-1,0]},"0.24":{"vector":[0.5,-1,0]},"0.48":{"vector":[-0.5,-1,0]}}},"right_arm":{"rotation":{"0.0":{"vector":[85.16955,1.29256,14.94548]},"0.24":{"vector":[-85.16955,-1.29256,14.94548]},"0.48":{"vector":[85.16955,1.29256,14.94548]}},"position":{"0.0":{"vector":[-0.5,-2,0]},"0.24":{"vector":[0.5,-2,0]},"0.48":{"vector":[-0.5,-2,0]}}},"left_arm":{"rotation":{"0.0":{"vector":[-85.16955,1.29256,-14.94548]},"0.24":{"vector":[85.16955,-1.29256,-14.94548]},"0.48":{"vector":[-85.16955,1.29256,-14.94548]}},"position":{"0.0":{"vector":[-0.5,-2,0]},"0.24":{"vector":[0.5,-2,0]},"0.48":{"vector":[-0.5,-2,0]}}},"right_leg":{"rotation":{"0.0":{"vector":[-14.98637,-0.64686,-2.41492]},"0.12":{"vector":[32.5,0,0]},"0.24":{"vector":[70.28025,3.40487,9.40804]},"0.36":{"vector":[-24.85306,1.37901,3.49656]},"0.48":{"vector":[-14.98637,-0.64686,-2.41492]}},"position":{"0.0":{"vector":[-0.5,0,-2]},"0.12":{"vector":[0,-1,2]},"0.24":{"vector":[0,0,0]},"0.48":{"vector":[-0.5,0,-2]}}},"left_leg":{"rotation":{"0.0":{"vector":[62.58937,-2.30644,-4.43745]},"0.12":{"vector":[-29.92404,-0.40232,0.16611]},"0.24":{"vector":[-17.43745,1.50179,4.76968]},"0.48":{"vector":[62.58937,-2.30644,-4.43745]}},"position":{"0.0":{"vector":[0,0,0]},"0.24":{"vector":[1,0,-2]},"0.36":{"vector":[0,-1,2]},"0.48":{"vector":[0,0,0]}}},"body":{"position":{"0.0":{"vector":[0,0,0]},"0.12":{"vector":[0,2,0]},"0.24":{"vector":[0,0,0]},"0.36":{"vector":[0,2,0]},"0.48":{"vector":[0,0,0]}}}}}},"geckolib_format_version":2}