{"format_version":"1.8.0","animations":{"sneak_walk":{"loop":true,"animation_length":2,"bones":{"torso":{"rotation":{"0.0":{"vector":[17.75313,9.53274,3.03513]},"0.48":{"vector":[17.75172,-0.3825,2.50517]},"1.0":{"vector":[17.75313,-9.5327,-3.0351]},"1.52":{"vector":[17.72901,0.98931,-1.7808]},"2.0":{"vector":[17.75313,9.53274,3.03513]}},"position":{"0.0":{"vector":[0,-4,0]},"0.48":{"vector":[0.4,-3,0]},"1.0":{"vector":[0,-4,0]},"1.52":{"vector":[-0.2,-3,0]},"2.0":{"vector":[0,-4,0]}}},"head":{"position":{"0.0":{"vector":[0,-4,0]},"0.48":{"vector":[0.4,-3,0]},"1.0":{"vector":[0,-4,0]},"1.52":{"vector":[-0.2,-3,0]},"2.0":{"vector":[0,-4,0]}}},"right_arm":{"rotation":{"0.0":{"vector":[-25,0,15]},"1.0":{"vector":[25,0,15]},"2.0":{"vector":[-25,0,15]}},"position":{"0.0":{"vector":[0,-3.6,1.3]},"0.48":{"vector":[0.2,-2.6,0.3]},"1.0":{"vector":[0,-3.94,-0.7]},"1.52":{"vector":[-0.3,-2.6,0.3]},"2.0":{"vector":[0,-3.6,1.3]}}},"left_arm":{"rotation":{"0.0":{"vector":[20.03729,-0.86717,-14.92442]},"1.0":{"vector":[-22.46271,-0.86717,-14.92442]},"2.0":{"vector":[20.03729,-0.86717,-14.92442]}},"position":{"0.0":{"vector":[0,-4,-0.8]},"0.48":{"vector":[0.5,-3.16,0.2]},"1.0":{"vector":[0,-4.34,1.2]},"1.52":{"vector":[-0.2,-3,0.2]},"2.0":{"vector":[0,-4,-0.8]}}},"right_leg":{"rotation":{"0.0":{"vector":[29.9055,-2.49762,4.33287]},"1.0":{"vector":[-2.4905,0.21782,4.99527]},"2.0":{"vector":[29.9055,-2.49762,4.33287]}},"position":{"0.0":{"vector":[0,-2,1]},"0.52":{"vector":[0,1,0]},"1.0":{"vector":[0,-0.2,-1]},"2.0":{"vector":[0,-2,1]}}},"left_leg":{"rotation":{"0.0":{"vector":[-2.4905,-0.21782,-4.99527]},"1.0":{"vector":[29.9055,2.49762,-4.33287]},"2.0":{"vector":[-2.4905,-0.21782,-4.99527]}},"position":{"0.0":{"vector":[0,-0.2,-1]},"1.0":{"vector":[0,-2,1]},"1.52":{"vector":[0,0.9,0]},"2.0":{"vector":[0,-0.2,-1]}}},"body":{"position":{"vector":[0,2,0]}}}}},"geckolib_format_version":2}