{"format_version":"1.8.0","animations":{"swimming":{"loop":true,"animation_length":0.96,"bones":{"right_arm":{"rotation":{"0.0":{"vector":[0,90,15]},"0.12":{"vector":[91.87634,44.95913,98.75044]},"0.24":{"vector":[88.75267,-0.08175,182.50089],"easing":"linear"},"0.36":{"vector":[58.25458,23.502,197.91577]},"0.48":{"vector":[7.5,87.5,177.5],"easing":"linear"},"0.6":{"vector":[-83.12634,43.79087,90.00044]},"0.72":{"vector":[-88.75267,0.08175,2.50089],"easing":"linear"},"0.84":{"vector":[-58.07697,17.22914,-16.66832]},"0.96":{"vector":[0,90,15],"easing":"linear"}},"position":{"0.0":{"vector":[-1.25,0.25,-3]},"0.12":{"vector":[-0.56,0.13,-1.87]},"0.24":{"vector":[-1.87,0,-0.75],"easing":"linear"},"0.36":{"vector":[-2.43,1.38,1.38]},"0.48":{"vector":[-0.5,-0.25,0.5],"easing":"linear"},"0.72":{"vector":[0.38,0.63,-0.75],"easing":"linear"},"0.96":{"vector":[-0.75,1.5,-2],"easing":"linear"}}},"left_arm":{"rotation":{"0.0":{"vector":[7.5,-87.5,-177.5]},"0.12":{"vector":[-80.62634,-43.79087,-90.00044]},"0.24":{"vector":[-88.75268,-0.08175,-2.50089],"easing":"linear"},"0.36":{"vector":[-58.07697,-17.22914,16.66832]},"0.48":{"vector":[0,-90,-15],"easing":"linear"},"0.6":{"vector":[89.37634,-44.95913,-98.75044]},"0.72":{"vector":[88.75268,0.08175,-182.50089],"easing":"linear"},"0.84":{"vector":[58.79365,-21.36973,-199.32794]},"0.96":{"vector":[7.5,-87.5,-177.5],"easing":"linear"}},"position":{"0.0":{"vector":[0,0,1]},"0.12":{"vector":[1,0,0.25]},"0.24":{"vector":[-0.08,0,-0.5]},"0.48":{"vector":[0,0,-2],"easing":"linear"},"0.72":{"vector":[2,0,-0.5],"easing":"linear"},"0.96":{"vector":[0,0,1],"easing":"linear"}}},"right_leg":{"rotation":{"0.0":{"vector":[-40,0,0]},"0.24":{"vector":[40,0,0]},"0.48":{"vector":[-40,0,0]},"0.72":{"vector":[40,0,0]},"0.96":{"vector":[-40,0,0]}},"position":{"0.0":{"vector":[0,0,-1]},"0.24":{"vector":[0,0,0]},"0.36":{"vector":[0,0,0.25]},"0.48":{"vector":[0,0,1]},"0.6":{"vector":[0,0,0.5]},"0.72":{"vector":[0,0,0]},"0.96":{"vector":[0,0,-1]}}},"left_leg":{"rotation":{"0.0":{"vector":[40,0,0]},"0.24":{"vector":[-40,0,0]},"0.48":{"vector":[40,0,0]},"0.72":{"vector":[-40,0,0]},"0.96":{"vector":[40,0,0]}},"position":{"0.0":{"vector":[0,0,1]},"0.24":{"vector":[0,0,0]},"0.36":{"vector":[0,0,-0.25]},"0.48":{"vector":[0,0,-1]},"0.6":{"vector":[0,0,-0.5]},"0.72":{"vector":[0,0,0]},"0.96":{"vector":[0,0,1]}}},"torso":{"rotation":{"0.0":{"vector":[0,-17.5,0]},"0.48":{"vector":[0,17.5,0]},"0.96":{"vector":[0,-17.5,0]}}}}}}}