{"format_version":"1.8.0","animations":{"swim_idle":{"loop":true,"animation_length":1.66667,"bones":{"body":{"position":{"0.0":{"vector":[0,1,0]},"0.8333":{"vector":[0,-1,0]},"1.6667":{"vector":[0,1,0]}}},"right_arm":{"rotation":{"0.0":{"vector":[22.01816,4.75113,58.42482]},"0.8333":{"vector":[-61.67841,-13.27207,62.94691]},"1.6667":{"vector":[22.01816,4.75113,58.42482]}}},"left_arm":{"rotation":{"0.0":{"vector":[22.01816,-4.75113,-58.42482]},"0.8333":{"vector":[-59.13252,12.95254,-62.36926]},"1.6667":{"vector":[22.01816,-4.75113,-58.42482]}}},"right_leg":{"rotation":{"0.0":{"vector":[-39.56869,6.40865,7.69263]},"0.25":{"vector":[39.56869,-6.40865,7.69263]},"0.5":{"vector":[-39.56869,6.40865,7.69263]},"0.7917":{"vector":[39.56869,-6.40865,7.69263]},"1.0833":{"vector":[-39.56869,6.40865,7.69263]},"1.375":{"vector":[39.56869,-6.40865,7.69263]},"1.6667":{"vector":[-39.56869,6.40865,7.69263]}}},"left_leg":{"rotation":{"0.0":{"vector":[39.56869,6.40865,-7.69263]},"0.25":{"vector":[-39.56869,-6.40865,-7.69263]},"0.5":{"vector":[39.56869,6.40865,-7.69263]},"0.7917":{"vector":[-39.56869,-6.40865,-7.69263]},"1.0833":{"vector":[39.56869,6.40865,-7.69263]},"1.375":{"vector":[-39.56869,-6.40865,-7.69263]},"1.6667":{"vector":[39.56869,6.40865,-7.69263]}}}}}}}